Reference, Value, Footprint, Datasheet
"J1","USB_B_Mini","custom:USB_Micro-B_GCT_USB3076-30-A","https://www.reichelt.at/micro-usb-einbaubuchse-typ-ab-5-pol-smd-mic-usb-abbu-p155040.html?&trstct=pol_6"
"R1","10k","Resistor_SMD:R_0603_1608Metric_Pad1.05x0.95mm_HandSolder","~"
"R2","10k","Resistor_SMD:R_0603_1608Metric_Pad1.05x0.95mm_HandSolder","~"
"R3","10k","Resistor_SMD:R_0603_1608Metric_Pad1.05x0.95mm_HandSolder","~"
"C1","680µF","Capacitor_SMD:C_2816_7142Metric_Pad3.20x4.45mm_HandSolder","https://www.reichelt.at/smd-tantal-680-f-6v-125-c-t491d-680u-6-p206496.html?&trstct=pol_1"
"C3","470n","Capacitor_SMD:C_0603_1608Metric_Pad1.05x0.95mm_HandSolder","https://www.reichelt.at/smd-kerko-470-nf-16-v-10-125-c-mur-grm188r61c47-p246847.html?&trstct=pos_0"
"U1","ATtiny84A-SSU","Package_SO:SOIC-14_3.9x8.7mm_P1.27mm","http://ww1.microchip.com/downloads/en/DeviceDoc/doc8183.pdf"
"Q1","AO3415A","custom:AO3415A_SOT-23","https://www.reichelt.at/mosfet-p-ch-20v-4a-1-5w-sot-23-ao-3415a-p166474.html?PROVID=2788&wt_gata=10744017114_61983121314&PROVID=2788&gclid=CjwKCAjw5pPnBRBJEiwAULZKvooy6sl1u6mIRM2BeH19CBA1TXQNAr5Vg4joj2R3eicyHC0IisL_eRoCS1AQAvD_BwE&&r=1"
"Q2","Q_NMOS_IRLML6244","custom:IRLML6244_SOT-23 - Kopie","https://cdn-reichelt.de/documents/datenblatt/A200/DS_IRLML6244-IR.pdf"
"C2","10µ","Capacitor_SMD:C_0603_1608Metric_Pad1.05x0.95mm_HandSolder","https://www.reichelt.at/smd-vielschichtkondensator-g0603-10-f-6-3v-x5r-g0603-10-6-p89728.html?&trstct=pos_0"
"C5","10µ","Capacitor_SMD:C_0603_1608Metric_Pad1.05x0.95mm_HandSolder","https://www.reichelt.at/smd-vielschichtkondensator-g0603-10-f-6-3v-x5r-g0603-10-6-p89728.html?&trstct=pos_0"
"C6","10µ","Capacitor_SMD:C_0603_1608Metric_Pad1.05x0.95mm_HandSolder","https://www.reichelt.at/smd-vielschichtkondensator-g0603-10-f-6-3v-x5r-g0603-10-6-p89728.html?&trstct=pos_0"
"D1","B240","Diode_SMD:D_SMB","http://www.jameco.com/Jameco/Products/ProdDS/1538777.pdf"
"D2","B240","Diode_SMD:D_SMB","http://www.jameco.com/Jameco/Products/ProdDS/1538777.pdf"
"C7","680µF","Capacitor_SMD:C_2816_7142Metric_Pad3.20x4.45mm_HandSolder","https://www.reichelt.at/smd-tantal-680-f-6v-125-c-t491d-680u-6-p206496.html?&trstct=pol_1"
"C4","10µ","Capacitor_SMD:C_0603_1608Metric_Pad1.05x0.95mm_HandSolder","https://www.reichelt.at/smd-vielschichtkondensator-g0603-10-f-6-3v-x5r-g0603-10-6-p89728.html?&trstct=pos_0"
"J2","AudioJack2_Ground_Switch","custom:Jack_3.5mm_Horizontal","~"
"U2","TL084","Package_SO:SOIC-14_3.9x8.7mm_P1.27mm","http://www.ti.com/lit/ds/symlink/tl081.pdf"
"U3","MCP42010","Package_SO:SOIC-14_3.9x8.7mm_P1.27mm","http://ww1.microchip.com/downloads/en/DeviceDoc/11195c.pdf"
"C11","470n","Capacitor_SMD:C_0603_1608Metric_Pad1.05x0.95mm_HandSolder","https://www.reichelt.at/smd-kerko-470-nf-16-v-10-125-c-mur-grm188r61c47-p246847.html?&trstct=pos_0"
"C10","10µ","Capacitor_SMD:C_0603_1608Metric_Pad1.05x0.95mm_HandSolder","https://www.reichelt.at/smd-vielschichtkondensator-g0603-10-f-6-3v-x5r-g0603-10-6-p89728.html?&trstct=pos_0"
"R4","10k","Resistor_SMD:R_0603_1608Metric_Pad1.05x0.95mm_HandSolder","~"
"R6","10k","Resistor_SMD:R_0603_1608Metric_Pad1.05x0.95mm_HandSolder","~"
"R8","10k","Resistor_SMD:R_0603_1608Metric_Pad1.05x0.95mm_HandSolder","~"
"C8","10µ","Capacitor_SMD:C_0603_1608Metric_Pad1.05x0.95mm_HandSolder","https://www.reichelt.at/smd-vielschichtkondensator-g0603-10-f-6-3v-x5r-g0603-10-6-p89728.html?&trstct=pos_0"
"C9","470n","Capacitor_SMD:C_0603_1608Metric_Pad1.05x0.95mm_HandSolder","https://www.reichelt.at/smd-kerko-470-nf-16-v-10-125-c-mur-grm188r61c47-p246847.html?&trstct=pos_0"
"C15","470n","Capacitor_SMD:C_0603_1608Metric_Pad1.05x0.95mm_HandSolder","https://www.reichelt.at/smd-kerko-470-nf-16-v-10-125-c-mur-grm188r61c47-p246847.html?&trstct=pos_0"
"C12","10µ","Capacitor_SMD:C_0603_1608Metric_Pad1.05x0.95mm_HandSolder","https://www.reichelt.at/smd-vielschichtkondensator-g0603-10-f-6-3v-x5r-g0603-10-6-p89728.html?&trstct=pos_0"
"R7","10k","Resistor_SMD:R_0603_1608Metric_Pad1.05x0.95mm_HandSolder","~"
"R5","10k","Resistor_SMD:R_0603_1608Metric_Pad1.05x0.95mm_HandSolder","~"
"C14","10µ","Capacitor_SMD:C_0603_1608Metric_Pad1.05x0.95mm_HandSolder","https://www.reichelt.at/smd-vielschichtkondensator-g0603-10-f-6-3v-x5r-g0603-10-6-p89728.html?&trstct=pos_0"
"C13","10µ","Capacitor_SMD:C_0603_1608Metric_Pad1.05x0.95mm_HandSolder","https://www.reichelt.at/smd-vielschichtkondensator-g0603-10-f-6-3v-x5r-g0603-10-6-p89728.html?&trstct=pos_0"
"J3","AudioJack2_Ground_Switch","custom:Jack_3.5mm_Horizontal","~"
"R9","100k","Resistor_SMD:R_0603_1608Metric_Pad1.05x0.95mm_HandSolder","~"
"R10","100k","Resistor_SMD:R_0603_1608Metric_Pad1.05x0.95mm_HandSolder","~"
"U4","TSDP341xx","OptoDevice:Vishay_MOLD-3Pin","http://www.vishay.com/docs/82667/tsdp341.pdf"
"C16","10µ","Capacitor_SMD:C_0603_1608Metric_Pad1.05x0.95mm_HandSolder","https://www.reichelt.at/smd-vielschichtkondensator-g0603-10-f-6-3v-x5r-g0603-10-6-p89728.html?&trstct=pos_0"
"J4","Conn_01x02","Connector_PinHeader_2.54mm:PinHeader_1x02_P2.54mm_Vertical","~"
"J5","Conn_01x03_Male","Connector_JST:JST_PH_S3B-PH-K_1x03_P2.00mm_Horizontal","~"
"J6","Conn_01x03_Male","Connector_JST:JST_PH_S3B-PH-K_1x03_P2.00mm_Horizontal","~"
"C18","10µ","Capacitor_SMD:C_0603_1608Metric_Pad1.05x0.95mm_HandSolder","https://www.reichelt.at/smd-vielschichtkondensator-g0603-10-f-6-3v-x5r-g0603-10-6-p89728.html?&trstct=pos_0"
"C17","10µ","Capacitor_SMD:C_0603_1608Metric_Pad1.05x0.95mm_HandSolder","https://www.reichelt.at/smd-vielschichtkondensator-g0603-10-f-6-3v-x5r-g0603-10-6-p89728.html?&trstct=pos_0"
"C19","10µ","Capacitor_SMD:C_0603_1608Metric_Pad1.05x0.95mm_HandSolder","https://www.reichelt.at/smd-vielschichtkondensator-g0603-10-f-6-3v-x5r-g0603-10-6-p89728.html?&trstct=pos_0"
"J7","Conn_01x03_Male","Connector_JST:JST_PH_S3B-PH-K_1x03_P2.00mm_Horizontal","~"
"K1","DIPxx-1Axx-11x","custom:JV_05_relai","https://www.reichelt.at/miniatur-leistungsrelais-jv-5v-1-schliesser-5a-jv-05-p79391.html?&trstct=pol_2"
"Q3","Q_NMOS_IRLML6244","custom:IRLML6244_SOT-23 - Kopie","https://cdn-reichelt.de/documents/datenblatt/A200/DS_IRLML6244-IR.pdf"
"D3","B240","Diode_SMD:D_SMB","http://www.jameco.com/Jameco/Products/ProdDS/1538777.pdf"
"C20","10µ","Capacitor_SMD:C_0603_1608Metric_Pad1.05x0.95mm_HandSolder","https://www.reichelt.at/smd-vielschichtkondensator-g0603-10-f-6-3v-x5r-g0603-10-6-p89728.html?&trstct=pos_0"
"C21","680µF","Capacitor_SMD:C_2816_7142Metric_Pad3.20x4.45mm_HandSolder","https://www.reichelt.at/smd-tantal-680-f-6v-125-c-t491d-680u-6-p206496.html?&trstct=pol_1"
"J8","Screw_Terminal_01x02","TerminalBlock:TerminalBlock_bornier-2_P5.08mm","https://www.reichelt.at/anschlussklemme-2-pol-rm-5-08-mm-90-lakl-1-5-2-5-08-p169871.html?&trstct=pol_14"
"J9","Conn_01x03_Male","Connector_JST:JST_PH_S3B-PH-K_1x03_P2.00mm_Horizontal","~"
"K2","DIPxx-1Axx-11x","custom:JV_05_relai","https://www.reichelt.at/miniatur-leistungsrelais-jv-5v-1-schliesser-5a-jv-05-p79391.html?&trstct=pol_2"
"Q4","Q_NMOS_IRLML6244","custom:IRLML6244_SOT-23 - Kopie","https://cdn-reichelt.de/documents/datenblatt/A200/DS_IRLML6244-IR.pdf"
"D4","B240","Diode_SMD:D_SMB","http://www.jameco.com/Jameco/Products/ProdDS/1538777.pdf"
"C22","10µ","Capacitor_SMD:C_0603_1608Metric_Pad1.05x0.95mm_HandSolder","https://www.reichelt.at/smd-vielschichtkondensator-g0603-10-f-6-3v-x5r-g0603-10-6-p89728.html?&trstct=pos_0"
"C23","680µF","Capacitor_SMD:C_2816_7142Metric_Pad3.20x4.45mm_HandSolder","https://www.reichelt.at/smd-tantal-680-f-6v-125-c-t491d-680u-6-p206496.html?&trstct=pol_1"
"J10","Screw_Terminal_01x02","TerminalBlock:TerminalBlock_bornier-2_P5.08mm","https://www.reichelt.at/anschlussklemme-2-pol-rm-5-08-mm-90-lakl-1-5-2-5-08-p169871.html?&trstct=pol_14"
